Time_(s),Voltage(V)
0,0.000000
0.5,0.000000
1.0,5.000000
1.5,5.000000
2.0,5.000000
2.5,5.000000
3.0,5.000000
3.5,5.000000
4.0,5.000000
4.5,5.000000
5.0,3.299120
5.5,3.299120
6.0,3.299120
6.5,3.299120
7.0,5.000000
7.5,5.000000
8.0,0.000000
8.5,0.000000
9.0,0.000000
9.5,0.000000
10.0,0.000000
10.5,0.107527
11.0,0.000000
11.5,0.000000
12.0,0.000000
