Time_(s),F'_(t)
1.0,0.9285
1.5,-0.5984999999999999
2.0,-1.02875
2.5,-1.48325
3.0,-0.14900000000000013
3.5,2.00375
4.0,2.5
4.5,1.7985000000000002
5.0,-0.8284999999999999
5.5,-2.0307500000000003
6.0,-2.18475
6.5,-1.2095000000000002
7.0,1.02875
7.5,1.156
8.0,1.16075
8.5,0.3175
9.0,-0.3982500000000001
