Time_(s),F'_(t)
[1.  1.5 2.  2.5 3.  3.5 4. ],1.0825
[1.  1.5 2.  2.5 3.  3.5 4. ],0.11475000000000002
[1.  1.5 2.  2.5 3.  3.5 4. ],-0.5767500000000001
[1.  1.5 2.  2.5 3.  3.5 4. ],-0.22250000000000014
[1.  1.5 2.  2.5 3.  3.5 4. ],0.03925000000000001
[1.  1.5 2.  2.5 3.  3.5 4. ],0.14675000000000005
[1.  1.5 2.  2.5 3.  3.5 4. ],-0.25175000000000003
